Date,LO_1,LO_2,OS_1,OS_2,DQS_1,DQS_2,Other
14-Oct-19,James Lasker,,,,,,
15-Oct-19,James Lasker,,,,,,
16-Oct-19,James Lasker,,,,,,
17-Oct-19,Satya Gontcho A Gontcho,,,,,,
18-Oct-19,Satya Gontcho A Gontcho,,,,,,
19-Oct-19,Satya Gontcho A Gontcho,,,,,,
20-Oct-19,Satya Gontcho A Gontcho,,,,,,
21-Oct-19,Satya Gontcho A Gontcho,,Aaron Meisner,,Arjun Dey,,
22-Oct-19,Satya Gontcho A Gontcho,,Aaron Meisner,,Arjun Dey,,
23-Oct-19,Satya Gontcho A Gontcho,,Aaron Meisner,,Arjun Dey,,
24-Oct-19,Martin Landriau,,Elizabeth Buckley-Geer,,Arjun Dey,,
25-Oct-19,Martin Landriau,,Elizabeth Buckley-Geer,,Arjun Dey,,
26-Oct-19,Martin Landriau,,Elizabeth Buckley-Geer,,Arjun Dey,,
27-Oct-19,Martin Landriau,,Elizabeth Buckley-Geer,,Arjun Dey,,
28-Oct-19,Martin Landriau,,Segev BenZvi,,,,
29-Oct-19,Martin Landriau,,Segev BenZvi,,,,
30-Oct-19,Martin Landriau,,Segev BenZvi,,,,
31-Oct-19,Martin Landriau,,Segev BenZvi,,,,
1-Nov-19,Claire Poppett,,Segev BenZvi,,,,
2-Nov-19,Claire Poppett,,Segev BenZvi,,,,
3-Nov-19,Claire Poppett,,,,Aaron Meisner,,
4-Nov-19,Claire Poppett,,,,Aaron Meisner,,
5-Nov-19,Claire Poppett,,Stephanie Juneau,,Aaron Meisner,,
6-Nov-19,Claire Poppett,,Stephanie Juneau,,Aaron Meisner,,
7-Nov-19,Kai Zhang,,Stephanie Juneau,,,,
8-Nov-19,Kai Zhang,,James Lasker,,,,
9-Nov-19,Kai Zhang,,James Lasker,,,,
10-Nov-19,Kai Zhang,,James Lasker,,,,
11-Nov-19,Kai Zhang,,James Lasker,,,,
12-Nov-19,Kai Zhang,,Benjamin Alan Weaver,,Arjun Dey,,
13-Nov-19,Kai Zhang,,Benjamin Alan Weaver,,Arjun Dey,,
14-Nov-19,Ann Elliott,,Benjamin Alan Weaver,,,,
15-Nov-19,Ann Elliott,,Benjamin Alan Weaver,,,,
16-Nov-19,Ann Elliott,,Benjamin Alan Weaver,,Daniel Eisenstein,,
17-Nov-19,Ann Elliott,,Daniel Eisenstein,,,,
18-Nov-19,Ann Elliott,,Luke Tyas,,,,
19-Nov-19,Ann Elliott,,Luke Tyas,,,,
20-Nov-19,Ann Elliott,,,,Stephanie Juneau,,
21-Nov-19,Luke Tyas,,Satya Gontcho A Gontcho,,Stephanie Juneau,,
22-Nov-19,Luke Tyas,,Satya Gontcho A Gontcho,,,,
23-Nov-19,Luke Tyas,,Satya Gontcho A Gontcho,,,,
24-Nov-19,Luke Tyas,,Satya Gontcho A Gontcho,,,,
25-Nov-19,Luke Tyas,,Satya Gontcho A Gontcho,,,,
26-Nov-19,Luke Tyas,,Connie Rockosi,,,,
27-Nov-19,Luke Tyas,,Connie Rockosi,,,,
28-Nov-19,,,,,,,
29-Nov-19,,,,,,,
30-Nov-19,Michael Schubnell,,Connie Rockosi,,,,
1-Dec-19,Michael Schubnell,,Michael Levi,,Mehdi Rezaie,,Zhou Xu
2-Dec-19,Michael Schubnell,,Michael Levi,,Mehdi Rezaie,,Zhou Xu
3-Dec-19,Michael Schubnell,,Rongpu Zhou,,Mehdi Rezaie,,Zhou Xu
4-Dec-19,Michael Schubnell,,Rongpu Zhou,,Mehdi Rezaie,,Zhou Xu
5-Dec-19,Satya Gontcho A Gontcho,,Rongpu Zhou,,Klaus Honscheid,,Zhou Xu
6-Dec-19,Satya Gontcho A Gontcho,,Rongpu Zhou,,Klaus Honscheid,,Zhou Xu
7-Dec-19,Satya Gontcho A Gontcho,,Tod R. Lauer,,Klaus Honscheid,,Zhou Xu
8-Dec-19,Satya Gontcho A Gontcho,,Tod R. Lauer,,Klaus Honscheid,,Zhou Xu
9-Dec-19,Satya Gontcho A Gontcho,,Tod R. Lauer,,Jim Annis,,
10-Dec-19,Satya Gontcho A Gontcho,,Tod R. Lauer,,Jim Annis,,
11-Dec-19,Satya Gontcho A Gontcho,,Adam Hawken,,Jim Annis,,
12-Dec-19,Claire Poppett,,Adam Hawken,,Jim Annis,,
13-Dec-19,Claire Poppett,,Adam Hawken,,Monica Valluri,,Segev BenZvi
14-Dec-19,Claire Poppett,,Adam Hawken,,Monica Valluri,,Segev BenZvi
15-Dec-19,Claire Poppett,,Dylan Green,,Monica Valluri,,Segev BenZvi
16-Dec-19,Claire Poppett,,Dylan Green,,Monica Valluri,,Segev BenZvi
17-Dec-19,Claire Poppett,,Dylan Green,,Dragan Huterer,,Segev BenZvi
18-Dec-19,Claire Poppett,,Dylan Green,,Dragan Huterer,,Tanveer Karim
19-Dec-19,Luke Tyas,,Tanveer Karim,,Dragan Huterer,,
20-Dec-19,Luke Tyas,,Tanveer Karim,,Dragan Huterer,,
21-Dec-19,Luke Tyas,,Tanveer Karim,,Duan Yutong,,
22-Dec-19,Luke Tyas,,Tanveer Karim,,Duan Yutong,,
23-Dec-19,Luke Tyas,,Tanveer Karim,,Duan Yutong,,
24-Dec-19,,,,,,,
25-Dec-19,,,,,,,
26-Dec-19,,,,,,,
27-Dec-19,Luke Tyas,,Mark Zhang,,Boris Gaensicke,,James Lasker
28-Dec-19,Luke Tyas,,Mark Zhang,,Boris Gaensicke,,James Lasker
29-Dec-19,Luke Tyas,,Mark Zhang,,Boris Gaensicke,,James Lasker
30-Dec-19,Martin Landriau,,Mark Zhang,,Boris Gaensicke,,James Lasker
31-Dec-19,Martin Landriau,,Mark Zhang,,Boris Gaensicke,,James Lasker
1-Jan-20,Martin Landriau,,Boris Gaensicke,,Duan Yutong,,
2-Jan-20,Martin Landriau,,Boris Gaensicke,,Duan Yutong,,
3-Jan-20,Martin Landriau,,Jay Farihi,,Duan Yutong,,
4-Jan-20,Martin Landriau,,Jay Farihi,,Duan Yutong,,
5-Jan-20,Martin Landriau,,Jay Farihi,,Lado Samushia,,
6-Jan-20,Martin Landriau,,Jay Farihi,,Lado Samushia,,
7-Jan-20,Martin Landriau,,Christopher James Manser,,Lado Samushia,,
8-Jan-20,Martin Landriau,,Christopher James Manser,,Lado Samushia,,
9-Jan-20,Elizabeth Buckley-Geer,,Christopher James Manser,,Benjamin Alan Weaver,,
10-Jan-20,Elizabeth Buckley-Geer,,Christopher James Manser,,Benjamin Alan Weaver,,
11-Jan-20,Elizabeth Buckley-Geer,,Abhijit Saha,,Kevin Fanning,,
12-Jan-20,Elizabeth Buckley-Geer,,Abhijit Saha,,Kevin Fanning,,
13-Jan-20,Elizabeth Buckley-Geer,,Abhijit Saha,,Christopher James Manser,,
14-Jan-20,Elizabeth Buckley-Geer,,Abhijit Saha,,Christopher James Manser,,Aaron Meisner
15-Jan-20,Elizabeth Buckley-Geer,,Aaron Meisner,,Christopher James Manser,,Connie Rockosi
16-Jan-20,Ann Elliott,,Aaron Meisner,,Christopher James Manser,,Connie Rockosi
17-Jan-20,Ann Elliott,,Aaron Meisner,,Etienne Burtin,,Connie Rockosi
18-Jan-20,Ann Elliott,,Connie Rockosi,,Etienne Burtin,,Daniel Eisenstein
19-Jan-20,Ann Elliott,,Benjamin Alan Weaver,,Etienne Burtin,,Daniel Eisenstein
20-Jan-20,Ann Elliott,,Benjamin Alan Weaver,,Etienne Burtin,,
21-Jan-20,Ann Elliott,,Benjamin Alan Weaver,,Martina Fagioli,,
22-Jan-20,Ann Elliott,,Benjamin Alan Weaver,,Martina Fagioli,,
23-Jan-20,Parker Fagrelius,,Rebecca Canning,,Martina Fagioli,,
24-Jan-20,Parker Fagrelius,,Rebecca Canning,,Martina Fagioli,,
25-Jan-20,Parker Fagrelius,,Rebecca Canning,,Susan Ridgway,,Paul Martini
26-Jan-20,Parker Fagrelius,,Rebecca Canning,,Susan Ridgway,,Paul Martini
27-Jan-20,Parker Fagrelius,,Emmanuel Schaan,,Susan Ridgway,,
28-Jan-20,Parker Fagrelius,,Emmanuel Schaan,,Susan Ridgway,,
29-Jan-20,Parker Fagrelius,,Emmanuel Schaan,,Laurie Stephey,,
30-Jan-20,Michael Schubnell,,Emmanuel Schaan,,Laurie Stephey,,
31-Jan-20,Michael Schubnell,,Pascale Berner,,Laurie Stephey,,
1-Feb-20,Michael Schubnell,,Pascale Berner,,Laurie Stephey,,
2-Feb-20,Michael Schubnell,,Pascale Berner,,Dustin Lang,,
3-Feb-20,Michael Schubnell,,Pascale Berner,,Dustin Lang,,
4-Feb-20,Michael Schubnell,,Jim Annis,,Dustin Lang,,
5-Feb-20,Michael Schubnell,,Jim Annis,,Dustin Lang,,
6-Feb-20,Satya Gontcho A Gontcho,,Jim Annis,,Antonella Palmese,,
7-Feb-20,Satya Gontcho A Gontcho,,Jim Annis,,Antonella Palmese,,
8-Feb-20,Satya Gontcho A Gontcho,,Shadab Alam,,Antonella Palmese,,
9-Feb-20,Satya Gontcho A Gontcho,,Shadab Alam,,Antonella Palmese,,
10-Feb-20,Satya Gontcho A Gontcho,,Shadab Alam,,Chia-Hsun Chuang,,
11-Feb-20,Satya Gontcho A Gontcho,,Shadab Alam,,Chia-Hsun Chuang,,
12-Feb-20,Satya Gontcho A Gontcho,,Jay Farihi,,Chia-Hsun Chuang,,
13-Feb-20,Claire Poppett,,Jay Farihi,,Chia-Hsun Chuang,,
14-Feb-20,Claire Poppett,,Jay Farihi,,Xinyi Chen,,
15-Feb-20,Claire Poppett,,Jay Farihi,,Xinyi Chen,,
16-Feb-20,Claire Poppett,,Michael Walther,,Xinyi Chen,,
17-Feb-20,Claire Poppett,,Michael Walther,,Xinyi Chen,,
18-Feb-20,Claire Poppett,,Michael Walther,,Yuanhang Ning,,
19-Feb-20,Claire Poppett,,Michael Walther,,Yuanhang Ning,,
20-Feb-20,Martin Landriau,,Sarah Eftekharzadeh,,Yuanhang Ning,,
21-Feb-20,Martin Landriau,,Sarah Eftekharzadeh,,Yuanhang Ning,,
22-Feb-20,Martin Landriau,,Sarah Eftekharzadeh,,Jeffrey A. Newman,,Biprateep Dey
23-Feb-20,Martin Landriau,,Sarah Eftekharzadeh,,Jeffrey A. Newman,,Biprateep Dey
24-Feb-20,Martin Landriau,,Naim Göksel Karaçaylı,,Jeffrey A. Newman,,Biprateep Dey
25-Feb-20,Martin Landriau,,Naim Göksel Karaçaylı,,Jeffrey A. Newman,,Biprateep Dey
26-Feb-20,Martin Landriau,,Naim Göksel Karaçaylı,,Andrea Muñoz Gutiérrez,,
27-Feb-20,Parker Fagrelius,,Naim Göksel Karaçaylı,,Andrea Muñoz Gutiérrez,,
28-Feb-20,Parker Fagrelius,,Aaron Meisner,,Andrea Muñoz Gutiérrez,,
29-Feb-20,Parker Fagrelius,,Aaron Meisner,,Andrea Muñoz Gutiérrez,,
1-Mar-20,Parker Fagrelius,,Arjun Dey,,Andreu Font-Ribera,,
2-Mar-20,Parker Fagrelius,,Arjun Dey,,Andreu Font-Ribera,,
3-Mar-20,Parker Fagrelius,,Andrea Muñoz Gutiérrez,,Andreu Font-Ribera,,
4-Mar-20,Parker Fagrelius,,Andrea Muñoz Gutiérrez,,Andreu Font-Ribera,,
5-Mar-20,Luke Tyas,,Andrea Muñoz Gutiérrez,,Andrew Cooper,,
6-Mar-20,Luke Tyas,,Andrea Muñoz Gutiérrez,,Andrew Cooper,,
7-Mar-20,Luke Tyas,,Oleg Burgueño Gerardo,,Andrew Cooper,,
8-Mar-20,Luke Tyas,,Oleg Burgueño Gerardo,,Andrew Cooper,,
9-Mar-20,Luke Tyas,,Oleg Burgueño Gerardo,,Jim Annis,,
10-Mar-20,Parker Fagrelius,,Oleg Burgueño Gerardo,,Jim Annis,,
11-Mar-20,Parker Fagrelius,,Oleg Burgueño Gerardo,,Jim Annis,,
12-Mar-20,Parker Fagrelius,,Oleg Burgueño Gerardo,,Jim Annis,,
13-Mar-20,Luke Tyas,,Alma Xochitl Gonzalez Morales,,,,
14-Mar-20,Luke Tyas,,Alma Xochitl Gonzalez Morales,,,,
15-Mar-20,Luke Tyas,,Alma Xochitl Gonzalez Morales,,,,
1-Jan-21,Martin Landriau,,Michael Schubnell,Daniel Eisenstein,Huanian Zhang,,
2-Jan-21,Martin Landriau,,Aaron Meisner,Daniel Eisenstein,Huanian Zhang,,
3-Jan-21,Martin Landriau,,Claire Poppett,Daniel Eisenstein,Huanian Zhang,,
4-Jan-21,Martin Landriau,,Jeffrey A. Newman,Adam Myers,Huanian Zhang,,
5-Jan-21,Martin Landriau,,Claire Poppett,Adam Myers,Hee-Jong Seo,,
6-Jan-21,Martin Landriau,,Jeffrey A. Newman,Adam Myers,Hee-Jong Seo,,
7-Jan-21,Martin Landriau,,Jeffrey A. Newman,Arjun Dey,Hee-Jong Seo,,
8-Jan-21,Martin Landriau,,Eddie Schlafly,Arjun Dey,Hee-Jong Seo,,
9-Jan-21,Martin Landriau,,Eddie Schlafly,Arjun Dey,John Della Costa,,
10-Jan-21,Martin Landriau,,Paul Martini,Arjun Dey,John Della Costa,,
11-Jan-21,Martin Landriau,,Paul Martini,Michael Walther,John Della Costa,,
12-Jan-21,Martin Landriau,,Paul Martini,Michael Walther,John Della Costa,,
13-Jan-21,Martin Landriau,,Paul Martini,Michael Walther,Héctor Gil Marín,,
14-Jan-21,Martin Landriau,,Antonella Palmese,Michael Walther,Héctor Gil Marín,,
15-Jan-21,Martin Landriau,,Antonella Palmese,Daniel Eisenstein,Héctor Gil Marín,,
16-Jan-21,Martin Landriau,,Antonella Palmese,Segev BenZvi,Héctor Gil Marín,,
17-Jan-21,Martin Landriau,,Daniel Eisenstein,Segev BenZvi,Kelly Douglass,,
18-Jan-21,Martin Landriau,,Daniel Eisenstein,Segev BenZvi,Kelly Douglass,,
19-Jan-21,Martin Landriau,,Aaron Meisner,Segev BenZvi,Kelly Douglass,,
20-Jan-21,Martin Landriau,,Aaron Meisner,Boris Gaensicke,Kelly Douglass,,
21-Jan-21,Martin Landriau,,Rongpu Zhou,Boris Gaensicke,Biprateep Dey,,
22-Jan-21,Martin Landriau,,Rongpu Zhou,Boris Gaensicke,Biprateep Dey,,
23-Jan-21,Martin Landriau,,Aaron Meisner,Rongpu Zhou,Biprateep Dey,,
24-Jan-21,Martin Landriau,,Rongpu Zhou,Rongpu Zhou,Biprateep Dey,,
25-Jan-21,None,,,,,,
26-Jan-21,None,,,,,,
27-Jan-21,None,,,,,,
28-Jan-21,None,,,,,,
29-Jan-21,James Lasker,,Satya Gontcho A Gontcho,Tanveer Karim,Claire Lamman,,
30-Jan-21,James Lasker,,Satya Gontcho A Gontcho,Tanveer Karim,Claire Lamman,,
31-Jan-21,James Lasker,,Satya Gontcho A Gontcho,Tanveer Karim,Claire Lamman,,
1-Feb-21,James Lasker,,Tanveer Karim,Michael Schubnell,Claire Lamman,,
2-Feb-21,James Lasker,,Elizabeth Buckley-Geer,Michael Schubnell,Ragadeepika Pucha,,
3-Feb-21,James Lasker,,Elizabeth Buckley-Geer,Boris Gaensicke,Ragadeepika Pucha,,
4-Feb-21,James Lasker,,Elizabeth Buckley-Geer,Boris Gaensicke,Ragadeepika Pucha,,
5-Feb-21,James Lasker,,Claire Poppett,Boris Gaensicke,Ragadeepika Pucha,,
6-Feb-21,James Lasker,,Claire Poppett,Christopher James Manser,Christoph Saulder,,
7-Feb-21,James Lasker,,John Della Costa,Christopher James Manser,Christoph Saulder,,
8-Feb-21,Arjun Dey,,John Della Costa,Christopher James Manser,Christoph Saulder,,
9-Feb-21,,,Satya Gontcho A Gontcho,Christopher James Manser,Christoph Saulder,,
10-Feb-21,,,,,,,
11-Feb-21,,,,,,,
12-Feb-21,Michael Schubnell,,Segev BenZvi,Christopher James Manser,Alex G. Kim,,
13-Feb-21,Michael Schubnell,,Segev BenZvi,Luke Tyas,Alex G. Kim,,
14-Feb-21,Satya Gontcho A Gontcho,Luke Tyas,Segev BenZvi,Dustin Lang,Stephanie Escoffier,,
15-Feb-21,Claire Poppett,Luke Tyas,Arjun Dey,Dustin Lang,Stephanie Escoffier,,
16-Feb-21,Claire Poppett,Luke Tyas,John Della Costa,Rongpu Zhou,Stephanie Escoffier,,
17-Feb-21,Satya Gontcho A Gontcho,Luke Tyas,John Della Costa,Rongpu Zhou,Stephanie Escoffier,,
18-Feb-21,Claire Poppett,Luke Tyas,Rongpu Zhou,Daniel Eisenstein,Marie-Claude Cousinou,,
19-Feb-21,Satya Gontcho A Gontcho,Luke Tyas,Rongpu Zhou,Daniel Eisenstein,Marie-Claude Cousinou,,
20-Feb-21,Martin Landriau,Luke Tyas,Paul Martini,Segev BenZvi,Marie-Claude Cousinou,,
21-Feb-21,Ann Elliott,,Paul Martini,Segev BenZvi,Marie-Claude Cousinou,,
22-Feb-21,Ann Elliott,,Antonella Palmese,Adam Myers,Vicky Fawcett,,
23-Feb-21,Ann Elliott,,Antonella Palmese,Adam Myers,Vicky Fawcett,,
24-Feb-21,Ann Elliott,,Michael Schubnell,Adam Myers,Vicky Fawcett,,
25-Feb-21,Ann Elliott,,Aaron Meisner,,,,
26-Feb-21,Ann Elliott,,Aaron Meisner,,,,
27-Feb-21,Ann Elliott,,Aaron Meisner,,,,
28-Feb-21,Ann Elliott,,John Della Costa,Boris Gaensicke,Samuel Moore,,
1-Mar-21,None,,,,,,
2-Mar-21,None,,,,,,
3-Mar-21,None,,,,,,
4-Mar-21,Ann Elliott,,Satya Gontcho A Gontcho,Daniel Eisenstein,Samuel Moore,,
5-Mar-21,Ann Elliott,,Satya Gontcho A Gontcho,Daniel Eisenstein,Chun Hao To,,
6-Mar-21,Ann Elliott,,Satya Gontcho A Gontcho,Christopher James Manser,Chun Hao To,,
7-Mar-21,Ann Elliott,,Claire Poppett,Christopher James Manser,Chun Hao To,,
8-Mar-21,Ann Elliott,,Elizabeth Buckley-Geer,Christopher James Manser,Chun Hao To,,
9-Mar-21,Ann Elliott,,Elizabeth Buckley-Geer,Christopher James Manser,Cullan Howlett,,
10-Mar-21,Ann Elliott,Claire Poppett,Elizabeth Buckley-Geer,Christopher James Manser,Cullan Howlett,,
11-Mar-21,Ann Elliott,,Dustin Lang,Christopher James Manser,Cullan Howlett,,
12-Mar-21,Ann Elliott,,Dustin Lang,Christopher James Manser,Cullan Howlett,,
13-Mar-21,Ann Elliott,,Dustin Lang,Christopher James Manser,Claire Lamman,,
14-Mar-21,Ann Elliott,,Dustin Lang,Andrew Cooper,K R Namitha,,
15-Mar-21,Satya Gontcho A Gontcho,,Arjun Dey,Andrew Cooper,K R Namitha,,
16-Mar-21,Satya Gontcho A Gontcho,,Arjun Dey,Andrew Cooper,K R Namitha,,
17-Mar-21,Satya Gontcho A Gontcho,,Stephanie Juneau,Andrew Cooper,K R Namitha,,
18-Mar-21,Satya Gontcho A Gontcho,,Stephanie Juneau,Andrew Cooper,K R Namitha,,
19-Mar-21,Satya Gontcho A Gontcho,,Stephanie Juneau,Daniel Eisenstein,Nikhil Padmanabhan,,
20-Mar-21,Satya Gontcho A Gontcho,,Segev BenZvi,Daniel Eisenstein,Gustavo Niz,,
21-Mar-21,James Lasker,Luke Tyas,Segev BenZvi,Michael Walther,Gustavo Niz,,
22-Mar-21,James Lasker,Luke Tyas,Segev BenZvi,Michael Walther,Gustavo Niz,,
23-Mar-21,James Lasker,Luke Tyas,Segev BenZvi,Michael Walther,Gustavo Niz,,
24-Mar-21,Satya Gontcho A Gontcho,,John Della Costa,Michael Walther,Gustavo Niz,,
25-Mar-21,Satya Gontcho A Gontcho,,John Della Costa,Michael Walther,Hui Kong,,
26-Mar-21,Satya Gontcho A Gontcho,,John Della Costa,Daniel Eisenstein,Johannes Ulf Lange,,
27-Mar-21,Satya Gontcho A Gontcho,,John Della Costa,Daniel Eisenstein,Johannes Ulf Lange,,
28-Mar-21,Satya Gontcho A Gontcho,,John Della Costa,Ting Li,Johannes Ulf Lange,,
29-Mar-21,None,,,,,,
30-Mar-21,None,,,,,,
31-Mar-21,None,,,,,,
1-Apr-21,Martin Landriau,,Paul Martini,Dustin Lang,Nikhil Padmanabhan,,
2-Apr-21,Martin Landriau,,Paul Martini,Daniel Eisenstein,Anthony Carr ,,
3-Apr-21,Martin Landriau,,Segev BenZvi,Luke Tyas,Anthony Carr,,
4-Apr-21,Martin Landriau,,Segev BenZvi,Luke Tyas,Anthony Carr,,
5-Apr-21,Martin Landriau,,Elizabeth Buckley-Geer,Luke Tyas,Anthony Carr,,
6-Apr-21,Martin Landriau,,Elizabeth Buckley-Geer,Luke Tyas,Andrej Obuljen ,,
7-Apr-21,Martin Landriau,,Elizabeth Buckley-Geer,Luke Tyas,Andrej Obuljen,,
8-Apr-21,Martin Landriau,,Christopher James Manser,Luke Tyas,Andrej Obuljen,,
9-Apr-21,Martin Landriau,,Christopher James Manser,Daniel Eisenstein,Andrej Obuljen,,
10-Apr-21,Martin Landriau,,Christopher James Manser,Dustin Lang,Davide Bianchi ,,
11-Apr-21,Parker Fagrelius,Luke Tyas,Christopher James Manser,Michael Walther,Davide Bianchi,,
12-Apr-21,Martin Landriau,,Claire Poppett,Michael Walther,Davide Bianchi,,
13-Apr-21,Martin Landriau,,Claire Poppett,Michael Walther,Calum Gordon,,
14-Apr-21,Martin Landriau,,Jeffrey A. Newman,Michael Walther,Calum Gordon,,
15-Apr-21,Martin Landriau,,John Della Costa,Antonella Palmese,Calum Gordon,,
16-Apr-21,Martin Landriau,,John Della Costa,Daniel Eisenstein,Calum Gordon,,
17-Apr-21,Martin Landriau,,John Della Costa,Segev BenZvi,Siwei Zou,,
18-Apr-21,Satya Gontcho A Gontcho,Luke Tyas,John Della Costa,Segev BenZvi,Siwei Zou,,
19-Apr-21,Martin Landriau,,John Della Costa,Antonella Palmese,Siwei Zou,,
20-Apr-21,Martin Landriau,,John Della Costa,Antonella Palmese,Siwei Zou,,
21-Apr-21,Martin Landriau,,John Della Costa,Antonella Palmese,Pan Zhiwei,,
22-Apr-21,Martin Landriau,,John Della Costa,Benjamin Alan Weaver,Pan Zhiwei,,
23-Apr-21,Martin Landriau,,John Della Costa,Daniel Eisenstein,Pan Zhiwei,,
24-Apr-21,Martin Landriau,,John Della Costa,Segev BenZvi,Pan Zhiwei,,
25-Apr-21,Martin Landriau,,John Della Costa,Segev BenZvi,Davide Bianchi,,
26-Apr-21,None,,None,None,None,,
27-Apr-21,None,,None,None,None,,
28-Apr-21,James Lasker,,John Della Costa,Alastair Edge,Hui Kong ,,
29-Apr-21,James Lasker,,John Della Costa,Alastair Edge,Hui Kong ,,
30-Apr-21,James Lasker,,Satya Gontcho A Gontcho,Alastair Edge,Julia Ferrer Ereza,,
1-May-21,James Lasker,,Satya Gontcho A Gontcho,Benjamin Alan Weaver,Julia Ferrer Ereza,,
2-May-21,James Lasker,,Satya Gontcho A Gontcho,Benjamin Alan Weaver,Julia Ferrer Ereza,,
3-May-21,Satya Gontcho A Gontcho,Luke Tyas,Claire Poppett,Benjamin Alan Weaver,Julia Ferrer Ereza,,
4-May-21,James Lasker,,Claire Poppett,Benjamin Alan Weaver,Mariana Vargas Magana,,
5-May-21,James Lasker,,Elizabeth Buckley-Geer,Andrea Muñoz Gutiérrez,Mariana Vargas Magana,,
6-May-21,James Lasker,,Elizabeth Buckley-Geer,Andrea Muñoz Gutiérrez,Mariana Vargas Magana,,
7-May-21,James Lasker,,Elizabeth Buckley-Geer,Andrea Muñoz Gutiérrez,Mariana Vargas Magana,,
8-May-21,James Lasker,,Jeffrey A. Newman,Andrea Muñoz Gutiérrez,Abigail Bault,,
9-May-21,James Lasker,,Stephanie Juneau,Huanian Zhang,Abigail Bault,,
10-May-21,James Lasker,,Stephanie Juneau,Huanian Zhang,Abigail Bault,,
11-May-21,Michael Schubnell,,Stephanie Juneau,Hu Zou,Abigail Bault,,
12-May-21,Michael Schubnell,,Stephanie Juneau,Hu Zou,Alma Xochitl Gonzalez Morales,,
13-May-21,Michael Schubnell,,John Della Costa,Alma Xochitl Gonzalez Morales,Sikandar Hanif,,
14-May-21,Michael Schubnell,,John Della Costa,Alma Xochitl Gonzalez Morales,Sikandar Hanif,,
15-May-21,Michael Schubnell,,John Della Costa,Francisco Javier Castander,Alma Xochitl Gonzalez Morales,,
16-May-21,Michael Schubnell,,John Della Costa,Francisco Javier Castander,Francisco Javier Sanchez Lopez,,
17-May-21,Claire Poppett,Parker Fagrelius,John Della Costa,Sikandar Hanif,Francisco Javier Sanchez Lopez,,
18-May-21,Michael Schubnell,,John Della Costa,Sikandar Hanif,Francisco Javier Sanchez Lopez,,
19-May-21,Michael Schubnell,,John Della Costa,Sikandar Hanif,Francisco Javier Sanchez Lopez,,
20-May-21,Michael Schubnell,,John Della Costa,Sikandar Hanif,Dylan Louis Veyrat,,
21-May-21,Michael Schubnell,,Paul Martini,Hui Kong,Dylan Louis Veyrat,,
22-May-21,Michael Schubnell,,Paul Martini,Hui Kong,Dylan Louis Veyrat,,
23-May-21,Michael Schubnell,,John Della Costa,Hui Kong,Dylan Louis Veyrat,,
24-May-21,None,,None,None,None,,
25-May-21,None,,None,None,None,,
26-May-21,None,,None,None,None,,
27-May-21,None,,None,None,None,,
28-May-21,Parker Fagrelius,James Lasker,John Della Costa,Segev BenZvi,Zachery Brown,,
29-May-21,Parker Fagrelius,James Lasker,John Della Costa,Segev BenZvi,Zachery Brown,,
30-May-21,Parker Fagrelius,James Lasker,Huanian Zhang,Segev BenZvi,Zachery Brown,,
31-May-21,Claire Poppett,Luke Tyas,Huanian Zhang,Boris Gaensicke,Cristiano Sabiu ,,
1-Jun-21,Claire Poppett,Luke Tyas,Elizabeth Buckley-Geer,Boris Gaensicke,Cristiano Sabiu,,
2-Jun-21,Claire Poppett,Luke Tyas,Elizabeth Buckley-Geer,Boris Gaensicke,Cristiano Sabiu,,
3-Jun-21,Claire Poppett,Luke Tyas,Elizabeth Buckley-Geer,Boris Gaensicke,Cristiano Sabiu,,
4-Jun-21,Martin Landriau,,Christopher James Manser,Boris Gaensicke,K R Namitha,,
5-Jun-21,Martin Landriau,,Christopher James Manser,Cullan Howlett,K R Namitha,,
6-Jun-21,Martin Landriau,,Christopher James Manser,Cullan Howlett,K R Namitha,,
7-Jun-21,Martin Landriau,,Christopher James Manser,Cullan Howlett,Justin Myles ,,
8-Jun-21,Martin Landriau,,Christopher James Manser,Cullan Howlett,Justin Myles,,
9-Jun-21,Martin Landriau,,John Moustakas,Cullan Howlett ,Justin Myles,,
10-Jun-21,Martin Landriau,,John Moustakas,Cullan Howlett,Justin Myles,,
11-Jun-21,Martin Landriau,,John Moustakas,Marie-Claude Cousinou,Robert Blum,,
12-Jun-21,Satya Gontcho A Gontcho,Ann Elliott,John Moustakas,Marie-Claude Cousinou ,Robert Blum,,
13-Jun-21,Satya Gontcho A Gontcho,Ann Elliott,John Della Costa,Marie-Claude Cousinou,Khaled Said ,,
14-Jun-21,Martin Landriau,,John Della Costa,Marie-Claude Cousinou,Khaled Said,,
15-Jun-21,Martin Landriau,,John Della Costa,Claire Lamman,Khaled Said,,
16-Jun-21,Martin Landriau,,John Della Costa,Claire Lamman,Khaled Said,,
17-Jun-21,Martin Landriau,,John Della Costa,Claire Lamman,Florian Beutler,,
18-Jun-21,Martin Landriau,,Tanveer Karim,Claire Lamman,Florian Beutler,,
19-Jun-21,Martin Landriau,,Tanveer Karim,Claire Lamman,Florian Beutler,,
20-Jun-21,Martin Landriau,,Tanveer Karim,Cullan Howlett ,Florian Beutler,,
21-Jun-21,Martin Landriau,,Tanveer Karim,Cullan Howlett,Seshadri Nadathur,,
22-Jun-21,Satya Gontcho A Gontcho,Ann Elliott,Khaled Said,Cullan Howlett,Seshadri Nadathur,,
23-Jun-21,Satya Gontcho A Gontcho,Ann Elliott,Khaled Said,Cullan Howlett,Seshadri Nadathur,,
24-Jun-21,Martin Landriau,,Khaled Said,Cullan Howlett,Seshadri Nadathur,,
25-Jun-21,Martin Landriau,,Greg Aldering,Boris Gaensicke,Samuel Brieden,,
26-Jun-21,Martin Landriau,,Greg Aldering,Boris Gaensicke,Samuel Brieden,,
27-Jun-21,Martin Landriau,,Greg Aldering,Khaled Said,Samuel Brieden,,
28-Jun-21,Martin Landriau,,John Della Costa,Khaled Said,Vanina Ruhlmann-Kleider ,,
29-Jun-21,Martin Landriau,,John Della Costa,Khaled Said,Vanina Ruhlmann-Kleider,,
30-Jun-21,Martin Landriau,,John Della Costa,Khaled Said,Vanina Ruhlmann-Kleider,,
1-Jul-21,Elizabeth Buckley-Geer,,John Della Costa,Khaled Said,Vanina Ruhlmann-Kleider,Vanina Ruhlmann-Kleider,
2-Jul-21,Elizabeth Buckley-Geer,,Biprateep Dey,John Della Costa,Hiram Kalid Herrera Alcantar,Seshadri Nadathur,
3-Jul-21,Martin Landriau,,Biprateep Dey,John Della Costa,Hiram Kalid Herrera Alcantar,Seshadri Nadathur,
4-Jul-21,Martin Landriau,,Biprateep Dey,Michael Walther,Hiram Kalid Herrera Alcantar,Seshadri Nadathur,
5-Jul-21,Martin Landriau,,Biprateep Dey,Michael Walther,Nikhil Padmanabhan,Seshadri Nadathur,
6-Jul-21,Martin Landriau,,Macon Magno,Michael Walther,Nikhil Padmanabhan,Vaisakh Rajeev,
7-Jul-21,Martin Landriau,,Macon Magno ,Michael Walther,Nikhil Padmanabhan,Vaisakh Rajeev,
8-Jul-21,Martin Landriau,,Macon Magno,Andrew Cooper,Nikhil Padmanabhan,Vaisakh Rajeev,
9-Jul-21,Martin Landriau,,Macon Magno,Andrew Cooper,Gustavo Niz,Vaisakh Rajeev,
10-Jul-21,James Lasker,,John Della Costa,Andrew Cooper,Gustavo Niz,Andrej Obuljen,